location	Abondant	48.790785	1.420178
location	Accra	5.591875	-0.184552
location	Adams County WI	43.973540	-89.755486
location	Adams County WA	46.985877	-118.480355
location	ahmedabad	23.024605	72.570805
location	Aichi	35.067543	137.334061
location	Alameda County	37.6017	-121.7195
location	Albal	39.3964	-0.4137
location	Albany County	42.601369	-73.973601
location	Alboraya	39.4990	-0.3510
location	Albuixech	39.5448	-0.3248
location	Alcobendas	40.527225	-3.637649
location	Aldrans	47.250725	11.445815
location	Algeciras	36.138633	-5.455967
location	Alhaurin de la Torre	36.657013	-4.560975
location	Allamakee County	43.286290	-91.352362
location	Almassera	39.5105	-0.3572
location	Almenara	-16.1797	-40.6953
location	Almeria	36.844270	-2.450766
location	Anchorage	61.203109	-149.888095
location	Andalucia	4.173863	-76.164864
location	Andel	51.7851	5.0549
location	Anserma	5.238746	-75.782888
location	Antequera	37.017136	-4.561986
location	Arbre	50.611772	3.817121
location	Armenia	4.539019	-75.680551
location	Asnières-sur-Seine	48.911508	2.284362
location	Assumption Parish	29.912050	-91.042405
location	Asotin County	46.1460	-117.2085
location	Auckland	-36.8314	174.7606
location	Bad Gastein	47.109942	13.127594
location	Bahia Blanca	-38.7183	-62.2663
location	Bangkok	13.803139	100.491612
location	Baranain	42.804918	-1.682891
location	Barasoain	42.604612	-1.645399
location	Barrancabermeja	7.067561	-73.848406
location	Barranquilla	10.987216	-74.805576
location	Bassilly	50.675907	3.933169
location	Bayside	43.1806	-87.9006
location	Beijing	40.071320	116.406908
location	Bela - Ledec na Sazavou	49.693369	15.277533
location	Belford Roxo	-22.7645	-43.3996
location	Belleville	42.863312	-89.535472
location	Bello	6.337338	-75.551569
location	Beloit	42.519007	-89.018844
location	Benajarafe	36.716604	-4.195416
location	Beniganim	38.9431	-0.4439
location	Benirredra	38.9612	-0.1928
location	Benton County	36.2662	-94.4800
location	Bergamo	45.6983	9.6773
location	Bergen County	40.9263	-74.0770
location	Berlicum	51.6789	5.4012
location	Bermeo	43.418493	-2.730537
location	Bienville Parish	32.340169	-93.050187
location	Bierset	50.656953	5.454009
location	Bikaner	28.024421	73.311641
location	Blanchardville	42.809498	-89.860021
location	Blandain	50.624503	3.303954
location	Blaricum	52.2727	5.2481
location	Bonrepos i Mirambell	39.5178	-0.3647
location	Bossier Parish	32.684186	-93.609166
location	Boston	42.354750	-71.061299
location	Botad	22.1723	71.6636
location	Bourg-en-Bresse	46.206861	5.229144
location	Braine-le-Chateau	50.677854	4.267574
location	Brasilia	-15.814189	-47.875543
location	Brest	48.398586	-4.493766
location	Brisbane	-27.484246	153.026118
location	Bronx	40.858846	-73.864979
location	Brookfield	43.066515	-88.129450
location	Brooklyn	40.6782	-73.9442
location	Brooklyn WI	42.854602	-89.371662
location	Broome County	42.136164	-75.832955
location	Brown Deer	43.1633	-87.9645
location	Bucaramanga	7.112728	-73.129549
location	Buchanan County	42.4566	-91.9099
location	Budapest	47.482728	19.084269
location	Buga	3.903723	-76.300764
location	Burhanpur	21.318288	76.220760
location	Caddo Parish	32.618244	-93.832261
location	Cadiz	36.524659	-6.285386
location	Cairns	-16.890992	145.724483
location	Cajica	4.919830	-74.024182
location	Calahorra	42.307900	-1.966751
location	Cali	3.4516	-76.5320
location	California	36.357039	-119.690182
location	Camden County	39.814507	-74.986182
location	Campbellsport	43.596732	-88.280763
location	Canet d'en Berenguer	39.6806	-0.2192
location	Cardiff	51.476291	-3.178964
location	Carentan	49.302133	-1.250938
location	Cartagena	10.400866	-75.503036
location	Cayuga County	42.900990	-76.575649
location	Cergy	49.0356	2.0603
location	Chalon sur Saone	46.7808	4.8539
location	Changzhou	31.774498	119.919839
location	Chateau-Thierry	49.048053	3.390023
location	Chenango County	42.4972	-75.6208
location	Chengdu	30.640989	104.067518
location	Chía	4.865442	-74.052806
location	Chicago	41.858966	-87.637242
location	Chiclana de la Frontera	36.407163	-6.153590
location	Chilches	36.726129	-4.224430
location	Chippewa Falls	44.931261	-91.389704
location	Choconta	5.146017	-73.683678
location	Chongqing	29.858721	107.375623
location	Chungcheongnam	36.685948	126.799198
location	Cienaga	11.006697	-74.244529
location	Cincinnati	39.122033	-84.515918
location	Cintruenigo	42.078227	-1.805927
location	Cizur Menor	42.786144	-1.677269
location	Clark County	45.778260	-122.491540
location	Clayton	-37.915200	145.127165
location	Clinton County	44.703277	-73.705166
location	Coevorden	52.6614	6.7411
location	Colombes	48.9221	2.2533
location	Colorado Springs	38.8339	-104.8214
location	Columbia County	45.956622	-123.082332
location	Columbus OH	39.973143	-82.993618
location	Columbus WI	43.337556	-89.023979
location	Compiègne	49.408175	2.842839
location	Conil de la Frontera	36.277924	-6.088770
location	Contamines	45.820585	6.727730
location	Cork	51.899	-8.460
location	Cottage Grove	43.090480	-89.205111
location	Couillet	50.391184	4.459113
location	Crawford County	42.0347	-95.3103
location	Crépy en Valois	49.234399	2.888491
location	Cross Plains	43.115305	-89.646827
location	Crouy en Thelle	49.213817	2.320688
location	Cucuta	7.907734	-72.507857
location	Cudahy	42.946879	-87.861992
location	Cuesmes	50.435127	3.923209
location	Dahegam	23.1637	72.8102
location	Dahod	22.836899	74.251376
location	Dalen	52.6994	6.7568
location	Dane county	43.0186	-89.5498
location	Darjeeling	27.028909	88.260898
location	Dasman	29.386491	47.999895
location	Davis	38.5449	-121.7405
location	DeForest	43.244858	-89.351873
location	Delft	52.0116	4.3571
location	DeSoto Parish	32.071362	-93.725530
location	Derbyshire	53.142893	-1.611670
location	Dhansura	23.3498	73.2087
location	Dijon	47.3220	5.0415
location	Diemen	52.3390	4.9592
location	Dongguan	22.992389	113.744830
location	Donostia-San Sebastian	43.304023	-1.981439
location	Dosquebradas	4.832649	-75.677377
location	Duesseldorf	51.22166	6.75289
location	Duque de Caxias	-22.7863	-43.3053
location	Dutchess County	41.762637	-73.721778
location	East Baton Rouge Parish	30.469664	-91.097549
location	East Feliciana Parish	30.850463	-91.036298
location	East Medinipur	22.037985	87.811563
location	Echavarri	42.727827	-2.066099
location	Eielson AFB	64.655387	-147.064620
location	Eindhoven	51.4416	5.4697
location	El cerrito	3.684363	-76.311345
location	El Puig	39.5908	-0.3031
location	Elbigenalp	47.289202	10.434541
location	Elda	38.4765	-0.7966
location	Elm Grove	43.047975	-88.086157
location	Elmendorf AFB	61.252028	-149.812043
location	England	52.405994	-1.671707
location	Envigado	6.168786	-75.583389
location	Essex County	40.784033	-74.235550
location	Fairbanks	64.835015	-147.664888
location	Fairfield County	41.2560	-73.3709
location	Fayette County	42.9258	-91.9099
location	Feira de Santana	-12.2598	-38.9675
location	Fillmore County	41.5637	92.0077
location	Fitchburg	42.986206	-89.426696
location	Fitero	42.059536	-1.858151
location	Florida	27.6648	-81.5158
location	Florianopolis	-27.581052	-48.481313
location	Forchies-la-marche	50.435103	4.319844
location	Foshan	23.018766	113.121428
location	Franklin	42.882823	-88.009275
location	Franklin County NY	44.5926	-74.3388
location	Franklin County WA	46.517555	-118.921601
location	Funza	4.713017	-74.206999
location	Fuyang	32.904205	115.812367
location	Fuzhou	27.965633	116.359573
location	Garches	48.8461	2.1887
location	Ganzhou	25.8307	114.9335
location	gandhinagar	23.227004	72.643142
location	Gandia	38.9680	-0.1845
location	Geluwe	50.809763	3.076704
location	Gennevilliers	48.927444	2.292449
location	Gilet	39.6668	-0.3325
location	Gilgit	35.880589	74.448161
location	Glendale	43.129400	-87.930209
location	Gold Coast	-28.019726	153.398160
location	Gondrecourt-le-chateau	48.505557	5.503554
location	Grafton	43.315718	-87.954140
location	Grant County	47.163630	-119.524786
location	Grant Parish	31.570014	-92.534059
location	Grand Princess Cruise Ship	38.308882	-123.779663
location	Grau de Sagunt	39.633481	-0.241370
location	Greater Milwaukee Area	43.0389	-87.9065
location	Greenfield	42.957786	-88.007122
location	Grodzisk Mazowiecki	52.105601	20.633940
location	Guangdong	23.615762	114.483257
location	Guangzhou	23.123972	113.292889
location	Guyancourt	48.7629	2.0753
location	Gyeonggi	37.397957	127.380864
location	Haarlem	52.3874	4.6462
location	Ham sous Varsberg	49.1796	6.6452
location	Hangzhou	30.272732	120.154501
location	Hanoi	21.020191	105.836099
location	Hardinxveld	51.8324	4.8336
location	Hardinxveld Giessendam	51.830196	4.840971
location	Hartford	43.3178	-88.3790
location	Haulchin	50.383200	4.081708
location	Havre	50.463797	4.044809
location	Hawali	9.3378	48.0235
location	Hefei	31.806280	117.227234
location	Heinsberg	51.056262	6.113915
location	Heinsberg District	51.0499	6.1163
location	Heverlee	50.861704	4.695889
location	Helmond	51.4793	5.6570
location	Hillpoint	43.423267	-90.113371
location	Himatnagar	23.5969	72.9630
location	Holy Cross	43.469964	-87.900967
location	Hong Kong	22.3964	114.1095
location	Houston	29.813606	-95.415223
location	Houten	52.0278	5.1630
location	Howrah	22.554019	88.182766
location	Huaian	33.574586	119.132155
location	Hudson County	40.741619	-74.059016
location	Huizhou	23.107144	114.457913
location	Humboldt County	40.7450	-123.8695
location	Hyderabad	17.431807	78.416233
location	Ibague	4.438643	-75.190558
location	Iberville Parish	30.256342	-91.380864
location	Illinois	40.088552	-89.301876
location	Indianapolis	39.7684	-86.1581
location	Innsbruck	47.283507	11.379467
location	Interior Alaska	65.905635	-150.144417
location	Ipiales	0.828410	-77.638041
location	Ischgl	47.011789	10.289683
location	Itaborai	-22.7570	-42.8643
location	Itagui	6.174822	-75.607579
location	Jackson	43.325508	-88.167662
location	Jackson County	44.310891	-90.788896
location	Jaipur	26.901676	75.793978
location	Jamnagar	22.471143	70.051543
location	Jamundi	3.260158	-76.539750
location	Janesville	42.691211	-89.014160
location	Jefferson County WA	47.728342	-123.606395
location	Jefferson County NY	44.095507	-75.890072
location	Jefferson Parish	29.777633	-90.114916
location	Jemappes	50.446399	3.898191
location	Jerez De La Frontera	36.690491	-6.126763
location	Jian	27.0876	114.9647
location	Jiujiang	29.7051	116.0019
location	Jingzhou	30.350752	112.237294
location	Joinville	-26.235559	-48.950735
location	Jönköping	57.777979	14.160453
location	Jumet	50.442063	4.436515
location	Junagadh	21.5222	70.4579
location	Juneau	58.541037	-134.236606
location	Juneau County	43.8673	-90.0747
location	Juvisy-sur-Orge	48.690609	2.377581
location	Kain	50.637121	3.379162
location	Kalisz	51.743335	18.073619
location	Kaohsiung	22.622632	120.312435
location	Kathmandu	27.712907	85.323557
location	Kematen in Tirol	47.253643	11.273540
location	Ketchikan	55.346882	-131.655301
location	King County	47.449221	-121.864246
location	Kipen	59.6739	29.8498
location	Kirkland	47.679486	-122.206354
location	Kittitas County	47.1750	-120.9319
location	Kodinar	20.8009	70.6960
location	Kolkata	22.543905	88.374991
location	Koersel	51.058003	5.272274
location	Kraków	50.0647	19.9450
location	Kunming	25.013024	102.866742
location	Kyoto	35.007542	135.768455
location	L'Aquila	42.360082	13.391087
location	La Crosse County	43.8617	-91.1353
location	La Linea de la Concepcion	36.166010	-5.347498
location	La Union	9.922919	-84.001485
location	Ladeuze	50.563047	3.768438
location	Laengenfeld	47.073729	10.969964
location	Lanaudière	46.76678	-73.83248
location	Le Pecq	48.8973	2.1064
location	Leticia	-4.212580	-69.943144
location	Leuven	50.880674	4.700109
location	Levallois-Perret	48.8932	2.2879
location	Lishui	28.460681	119.919147
location	Livingston Parish	30.463159	-90.743070
location	Llutxent	38.9421	-0.3554
location	Logrono	42.460541	-2.446303
location	London	51.497327	-0.118796
location	Longjumeau	48.6931	2.2948
location	Loon	51.379197	5.443200
location	Loon op zand	51.625527	5.070262
location	Los Angeles	34.029267	-118.242865
location	Luxembourg	49.607806	6.130375
location	Lyon	45.757870	4.841293
location	Maceio	-9.586654	-35.721537
location	Macon	46.299425	4.822063
location	Madison	43.062839	-89.448317
location	Madrid	40.444140	-3.680235
location	Madrid CO	4.734291	-74.262272
location	Mairena Aljarafe	37.347290	-6.052941
location	Malaga	36.718690	-4.432799
location	Manaus	-3.126424	-60.019807
location	Mandsaur	24.077683	75.067604
location	Manhattan	40.778542	-73.969920
location	Manizales	5.058776	-75.498753
location	mansa	23.428814	72.656249
location	Marin County	38.077277	-122.719060
location	Marshall	43.167355	-89.066568
location	Mason County	47.4251	-123.1951
location	Mat-Su	61.382704	-150.251175
location	Matrei am Brenner	47.128405	11.452845
location	Medellin	6.254779	-75.578125
location	Meizhou	24.212443	116.104148
location	Melbourne	-37.839042	145.076343
location	Meliana	39.5286	-0.3478
location	Mequon	43.226666	-87.973033
location	Meta	3.297576	-73.053515
location	Meudon la Forêt	48.787126	2.227098
location	Middleton	43.105596	-89.509368
location	Milan	45.474	9.177
location	Milwaukee	43.058555	-87.923530
location	Miramar	25.9861	-80.3036
location	Modasa	23.4643	73.2988
location	Monona	43.056000	-89.330773
location	Monroe County	43.940837	-90.605424
location	Montérégie	45.3872317844	-73.1007662636
location	Monteria	8.747483	-75.880941
location	Montgomery County	42.9155	-74.4526
location	Montigny le Bretonneux	48.7739	2.0360
location	Montignies-Sur-Sambre	50.401302	4.478466
location	Montreux-Chateau	47.607677	6.994181
location	Mount Horeb	43.008707	-89.730497
location	Moussy Le Neuf	49.065806	2.601697
location	Multnomah County	45.517630	-122.536942
location	Munich	48.155742	11.549380
location	Muscoda	43.189115	-90.439704
location	Museros	39.5738	-0.3607
location	Mutilva	42.789102	-1.616814
location	Naarden	52.2953	5.1604
location	Nanchang	28.707143	115.874137
location	Nancy	48.6921	6.1844
location	Nantes	47.203649	-1.552453
location	Nassau County	40.7333	-73.58010
location	Neemach	24.467521	74.875900
location	Neerpelt	51.228889	5.431667
location	Neiva	2.933160	-75.277542
location	New Berlin	42.969065	-88.129847
location	New Orleans	29.9511	-90.0715
location	New York City	40.695065	-73.993461
location	Nieuwendijk	51.7774	4.8743
location	Niteroi	-22.912156	-43.060953
location	Noain	42.758167	-1.632185
location	Nogent-l'Artaud	48.9651	3.3183
location	Noida	28.552876	77.394687
location	Noisy le Roi	48.852116	2.055226
location	Nootdorp	52.0440	4.3909
location	North 24 Parganas	22.722907	88.734582
location	Northamtonshire	52.324226	-0.872799
location	Northern Queensland	-17.758290	142.643075
location	Nottinghamshire	53.139677	-1.027527
location	Nova Iguacu	-22.7561	-43.4607
location	Oak Creek	42.878698	-87.901041
location	Oisterwijk	51.568179	5.211873
location	Olleria	38.9146	-0.5506
location	Oliva	38.9198	-0.1188
location	Olsztyn	53.774711	20.481482
location	Onondaga County	43.0268	-76.1784
location	Orange County CA	33.689584	-117.788718
location	Orange County NY	41.394693	-74.289170
location	Oregon WI	42.927835	-89.380569
location	Orotina	9.913179	-84.523659
location	Orsay	48.703347	2.187373
location	Oss	51.762396	5.530563
location	Pacho	5.135952	-74.156902
location	Palma de Gandia	38.9251	-0.2215
location	Palmira	3.534069	-76.297658
location	Pamplona	42.808441	-1.648651
location	Panola County	32.1920	-94.3154
location	Paris	48.853884	2.341738
location	Passaic County	40.955105	-74.229353
location	Peralta	42.337833	-1.799176
location	Pereira	4.804771	-75.717885
location	Perth	-31.942741	115.841171
location	Petropolis	-22.5112	-43.1779
location	Pewaukee	43.061507	-88.237950
location	Phoenix	33.433362	-112.068786
location	Pierce County	47.006605	-122.107847
location	Pingxiang	27.632413	113.892981
location	Pittsburgh	40.433375	-79.996990
location	Ploudalmezeau	48.5415	-4.6578
location	Pontoise	49.049228	2.098595
location	Popayan	2.458755	-76.606118
location	Poppel	51.445671	5.042493
location	Port Washington	43.382722	-87.885911
location	Portugalete	43.317356	-3.021671
location	Pradejon	42.331616	-2.067126
location	Prantij	23.4367	72.8528
location	Privas	44.723301	4.594575
location	Puerto Santa Maria	36.526984	-6.288553
location	Putnam County	41.424102	-73.753622
location	Puzol	39.6153	0.3043
location	Pu'er	22.807007	100.971896
location	Qingdao	36.171557	120.398496
location	Queens	40.717328	-73.795709
location	Quevaucamps	50.720840	3.289101
location	Quibdo	5.691789	-76.654649
location	Quilmes	-34.7206	-58.2546
location	Racine	42.721147	-87.800333
location	Radom	51.397849	21.151218
location	Rajkot	22.3039	70.8022
location	Ramsau im Zillertal	47.203746	11.876947
location	Reims	49.253754	4.035860
location	Rennes	48.1173	1.6778
location	Richland Center	43.339975	-90.385959
location	Richmond County	40.5795	-74.1502
location	Rincon de la Victoria	36.717712	-4.278570
location	Rio de Janeiro	-22.89445	-43.2099
location	River Hills	43.1742	-87.9243
location	Riyadh	24.705304	46.738279
location	Rockhampton	-23.378823	150.509921
location	Rockland County	41.1489	-73.9830
location	Rome	41.881118	12.492817
location	Rota	36.627796	-6.368951
location	Rotterdam	51.9244	4.4777
location	Rouen	49.4432	1.1000
location	Rovaniemi	66.501553	25.728919
location	Sabaneta	6.151838	-75.616992
location	Sacramento County	38.494406	-121.301826
location	Sagunt	39.6801	-0.2784
location	Saint Germain en Laye	48.938032	2.094734
location	Saint-Priest	45.704159	4.949456
location	Saint-Thibault-des-Vignes	48.862026	2.674513
location	Saisinne	50.523754	4.035498
location	Saive	50.652941	5.685550
location	San Carlos de Bariloche	-41.1335	-71.3103
location	San Diego	32.733024	-117.143358
location	San Diego County	32.981125	-116.681405
location	San Francisco County	37.7749	-122.4194
location	San Joaquin County	37.917472	-121.258503
location	San Luis Obispo County	35.3102	-120.4358
location	San Mateo County	37.438721	-122.348737
location	San Fernando	36.461409	-6.203425
location	San Francisco	37.757679	-122.440006
location	San Rafael de Alajuela	9.964081	-84.223595
location	San Rafael Heredia	10.013197	-84.097456
location	San Roque	36.210735	-5.386139
location	Santa Clara County	37.236094	-121.683399
location	Santa Marta	11.234638	-74.192698
location	Santa Sofia	5.714409	-73.602111
location	Santana	6.057578	-73.479309
location	Sao Paulo	-23.551096	-46.634874
location	Saratoga County	43.0324	-73.9360
location	Saukville	43.3817	-87.9406
location	Schenectady County	42.822882	-74.053939
location	Seattle	47.748301	-121.850150
location	Seefeld in Tirol	47.329203	11.188798
location	Segorbe	39.8492	-0.4904
location	Seine-Port	48.551795	2.551916
location	Seoul	37.548278	126.990916
location	Sevilla	37.379170	-5.983557
location	Shanghai	31.171447	121.429896
location	Shangrao	28.4549	117.9434
location	Shantou	23.379291	116.700154
location	Shaoguan	24.803789	113.598404
location	Shanwei	22.776721	115.366044
location	Shenzhen	22.639468	114.044046
location	Simat de la Valldigna	39.0427	-0.3107
location	Singapore	1.344189	103.867546
location	Sistrans	47.231579	11.466706
location	Skagit County	48.485784	-121.815524
location	Slinger	43.3336	-88.2862
location	Snohomish County	48.006	-122.0731
location	Soacha	4.581264	-74.216815
location	Solano County	38.295909	-121.928845
location	Soneja	39.8172	-0.4302
location	Sonoma County	38.506902	-122.863769
location	South 24 Parganas	22.145444	88.474411
location	South Milwaukee	42.908266	-87.860903
location	South Yorkshire	53.476171	-1.327867
location	Southeast Alaska	57.011818	-133.720144
location	Southeast Queensland	-27.478427	152.687047
location	Spicheren	49.192118	6.967399
location	Spring Green	43.177689	-90.069216
location	St. Anton	47.121254	10.265750
location	St Bernard Parish	29.805323	-89.660779
location	St Tammany Parish	30.438441	-89.935519
location	Starnberg	48.0000	11.3390
location	Staten Island	40.592429	-74.149614
location	Steinach am Brenner	47.090272	11.472902
location	Stoughton	42.922770	-89.225062
location	Strasbourg	48.5734	7.7521
location	Strass im Zillertal	47.397430	11.820402
location	Suffolk County	40.9849	-72.6151
location	Sun Prarie	43.185544	-89.230804
location	Sunshine Coast	-26.6500	153.0667
location	Surat	21.166995	72.824307
location	Suzhou	31.289911	120.538521
location	Sydney	-33.870747	151.208359
location	Tafalla	42.522804	-1.675960
location	Taipei	25.043279	121.565717
location	Taoyuan	24.951706	121.219785
location	Tavernes de la Valldigna	39.0734	-0.2644
location	Tehatta	23.730511	88.527338
location	Temploux	50.484053	4.753481
location	Teresopolis	-22.4170	-42.9756
location	Tertre	50.466483	3.811510
location	Teramo	42.661036	13.710926
location	Thanh Hoa	19.805359	105.784515
location	Thiensville	43.236206	-87.979679
location	Thise	47.284553	6.079822
location	Thurston County	46.935508	-122.867349
location	Tianmen	30.6510	113.1556
location	Tibas	9.9576	-84.0816
location	Tierralta	8.171825	-76.060340
location	Tilburg	51.571419	5.052759
location	Togui	5.937829	-73.513494
location	Tokyo	35.683441	139.766131
location	Tomah	43.988774	-90.502952
location	Torremolinos	36.620077	-4.500794
location	Torres De Elorz	42.733599	-1.596477
location	Tours	47.404471	0.693908
location	Trazegnies	50.466074	4.334811
location	Trempealeau County	44.2398	-91.3662
location	Trujillo	4.212089	-76.319157
location	Tulua	4.092520	-76.197483
location	Tumaco	1.792753	-78.793766
location	Tweed Heads	-28.201312	153.543425
location	Ujjain	23.161092	75.803740
location	Ulan-Ude	51.827029	107.655954
location	Ulster County	41.8586	-74.3118
location	Umatilla County	45.648981	-118.720688
location	Una	31.4685	76.2708
location	Utrecht	52.0907	5.1214
location	Vadodara	22.306797	73.173072
location	Valence	44.926123	4.900583
location	Valencia	39.337	-0.354
location	Valencia Horta	39.465736	-0.424354
location	Valledupar	10.466023	-73.253272
location	Vanves	48.821722	2.288675
location	Velez_Malaga	36.779282	-4.100078
location	Venissieux	45.704031	4.882246
location	Vernon County	43.5577	-90.8294
location	Verona IT	45.4384	10.9916
location	Verona WI	42.987161	-89.535380
location	Vienne	48.190041	16.382686
location	Vila Velha	-20.3472	-40.2823
location	Villavicencio	4.134000	-73.623483
location	Villerot	50.485709	3.791108
location	Vitoria-Gasteiz	42.848478	-2.672011
location	Wandre	50.667253	5.661576
location	Warszawa	52.241015	20.985625
location	Wasco County	45.145543	-121.204409
location	Washington County NY	43.303560	-73.428260
location	Washington County OR	45.544427	-123.010435
location	Wasilla	61.579538	-149.468390
location	Waunakee	43.185210	-89.446208
location	Wauwatosa	43.054646	-88.039969
location	Webster Parish	32.726688	-93.341411
location	Westchester County	41.1220	-73.7949
location	Whatcom County	48.830959	-121.791189
location	Whitefish Bay	43.111041	-87.901408
location	Winksele	50.897244	4.644376
location	Winneshiek County	43.288933	-91.839928
location	Winona County	43.993965	-91.799960
location	Wisconsin	44.535145	-89.527762
location	Woippy	49.154613	6.148404
location	Wuhan	30.554807	114.271501
location	Xeraco	39.0331	-0.2163
location	Xishuangbanna	21.995	100.837
location	Xinyu	27.8178	114.9173
location	Yakima County	46.430431	-120.711765
location	Yangjiang	21.888814	111.972598
location	Yernee-fraineux	50.528091	5.383570
location	Yichun	27.804179	114.414177
location	Yingtan	28.258501	117.043863
location	Yongchuan	29.374774	105.925391
location	Yorkshire	53.3833	-1.4599
location	Yumbo	3.525117	-76.502240
location	Zams	47.159925	10.587413
location	Zeewolde	52.3311	5.5405
location	Zhanjiang	21.229510	110.393313
location	Zhengzhou	34.714074	113.621939
location	Zhongshan	22.542629	113.390864
location	Zhongxian	30.323947	108.012855
location	Zhuhai	22.271346	113.562879
location	Zipaquira	5.023869	-73.999449
location	Zulueta	42.745008	-1.579320




division	Aargau	47.420629	8.172097
division	Aatalunya	41.670376	1.657348
division	Abruzzo	42.192	13.7289
division	Adıyaman	37.900714	38.309879
division	Africa	4.070194	21.824559
division	Afyon	38.752653	30.553661
division	Agri	39.7191	43.0506
division	Aichi	35.067543	137.334061
division	Aksaray	38.44611	33.878216
division	Alabama	32.3182	-86.9023
division	Alagoas	-9.74863	-36.417626
division	Alajuela	10.020137	-84.210339
division	Alaska	65.797699	-152.214189
division	Algeria	28.0000272	2.9999825
division	Alken	50.877283	5.289834
division	Amapa	1.582936	-51.809488
division	Amazonas State	-5.423668	-64.567836
division	Amman	31.9539	35.9106
division	Andalusia	37.5443	-4.7278
division	Andel	51.7851	5.0549
division	Andenne	50.487207	5.056619
division	Anderlecht	50.829058	4.29586
division	Andhra Pradesh	15.9129	79.7400
division	Anhui	31.754331	117.211441
division	Ankara	39.949377	32.854736
division	Antioquia	6.709191	-75.484721
division	Antofagasta	-23.6509	-70.3975
division	Antwerp	51.225698	4.420885
division	Apulia	40.7928	17.1012
division	Argentina	-34	-64
division	Arges	45.060683	24.903263
division	Arizona	34.220707	-111.657462
division	Arkansas	35.2010	-91.8318
division	Asia	30.451098	86.654576
division	Assam	26.2006	92.9376
division	Asse	50.9094	4.2005
division	Ath	50.646122	3.770363
division	Athens	37.987832	23.726319
division	Atlantico	10.681025	-74.955752
division	Auckland	-36.8314	174.7606
division	Australia	-24.7761085	134.755
division	Austria	47.5162	14.5501
division	Auvergne Rhone Alpes	45.126511	5.480724
division	Auvergne-Rhône-Alpes	45.4471	4.3853
division	Baden-Wuerttemberg	48.712618	9.13403
division	Bahia	-12.5797	-41.7007
division	Balikesir	39.650196	27.88958
division	Balatonfured	46.9599	17.8851
division	Balassagyarmat	48.0712	19.2937
division	Bangkok	13.798471	100.590834
division	Bangladesh	24.506442	90.041454
division	Baranya	46.0485	18.2719
division	Barcelona	41.394769	2.173828
division	Basel-Stadt	47.557238	7.595666
division	Basel-Land	47.493316	7.714938
division	Basque Country	42.9896	-2.6189
division	Bavaria	48.1382614	11.5845093
division	Beersel	50.7669	4.3085
division	Beijing	40.07132	116.406908
division	Beirut	33.8938	35.5018
division	Bekesszentandras	46.8716	20.4834
division	Belarus	53	28
division	Belgium	50.707735	4.677726
division	Beringen	51.064162	5.224601
division	Berloz	50.703886	5.202112
division	Bern	46.855135	7.570549
division	Bierbeek	50.836502	4.771272
division	Bihar	25.0961	85.3131
division	Blegny	50.676412	5.704849
division	Blida	36.48329	2.808751
division	Bogota	4.629337	-74.095588
division	Bolivar	8.753508	-74.367735
division	Bonheiden	51.01931	4.568699
division	Boufarik	36.57709	2.914137
division	Bourgogne	47.0525	4.3837
division	Bourgogne-France-Comté	47.2805	4.9994
division	Boussu	50.425366	3.797692
division	Boutersem	50.833781	4.839596
division	Boyaca	5.454426	-73.362218
division	Buzau	45.143297	26.816251
division	Braine-l alleud	50.667307	4.358179
division	Brasov	45.6580	25.6012
division	Bratislava	48.1486	17.1077
division	Brazil	-10.3333332	-53.1999999
division	Bree	51.138202	5.631877
division	Bretagne	48.202	2.9326
division	British Columbia	54.010982	-124.745183
division	Brunei	4.5353	114.7277
division	Brussels	50.8503	4.3517
division	Bucharest	44.4268	26.1025
division	Budapest	47.482728	19.084269
division	Buenos Aires	-34.6037	-58.3816
division	Burgenland	47.517438	16.468160
division	Buryat Republic	52.311711	108.916732
division	Cacak	43.891816	20.362815
division	Caldas	5.314226	-75.340073
division	California	36.357039	-119.690182
division	Cambodia	13	105
division	Canada	61.0666922	-107.991707
division	Canakkale	40.030844	26.733769
division	Canary Islands	28.2916	-16.6291
division	Cartago	9.860294	-83.918495
division	Castel di Sangro	41.784	14.108
division	Castilla La Mancha	39.2796	-3.0977
division	Castilla y Leon	41.8357	-4.3976
division	Castilla Y León	41.8357	-4.3976
division	Catalunya	41.834815	1.606414
division	Cauca	2.473774	-76.864221
division	Central Hungary	47.360008	19.252798
division	Centre-Val de Loire	47.481221	1.698793
division	Cesar	9.654915	-73.528255
division	Chaineux	50.6317	5.8344
division	Charleroi	50.418039	4.440646
division	Chattogram	22.3569	91.7832
division	Chechen Republic	43.4023	45.7187
division	Chelyabinsk Region	54.4319	60.8789
division	Chiapas	16.520858	-92.643133
division	Chiba	35.463961	140.223882
division	Chihuahua	28.633	-106.0691
division	Chillan	-36.6063	-72.1023
division	Chile	-31.7613364	-71.3187696
division	China	33.394333	104.689839
division	Choco	5.705238	-76.890815
division	Chongqing	29.858721	107.375623
division	Chungcheongnam	36.685948	126.799198
division	Ciudad Autonoma de Buenos Aires	-34.6037	-58.3816
division	Colfontaine	50.40777	3.846237
division	Colombia	2.893108	-73.7845142
division	Colorado	39.5501	-105.7821
division	Comunitat Valenciana	39.337	-0.354
division	Concepcion	-36.8201	-73.0444
division	Connecticut	41.678117	-72.669773
division	Constanta	44.1598	28.6348
division	Copenhagen	55.6761	12.5683
division	Cordoba	8.359263	-75.763226
division	Cork	51.895349	-8.474381
division	Courcelles	50.469378	4.34449
division	Couthuin	50.5315	5.1225
division	Couvin	50.035063	4.485139
division	Coyhaique	-45.5712	-72.0683
division	Croatia	45.1	15.2
division	Cundinamarca	5.049758	-74.076048
division	Czech Republic	49.8175	15.473
division	Dakar	14.725966	-17.46181
division	Dalhem	50.71948	5.758129
division	Dalarna	61.0917	14.6664
division	Deinze	50.9875	3.5236
division	Delhi	28.7041	77.1025
division	Democratic Republic of the Congo	-4.0383	21.7587
division	Dendermonde	51.032573	4.099329
division	Denizli	37.7830	29.0963
division	Denmark	56.2639	9.5018
division	Departamento de Amazonas	-1.420517	-71.257925
division	Dhaka	23.789370	90.415192
division	Diamond Princess	35.046935	139.419325
division	Dilbeek	50.8465	4.2621
division	Distrito Federal	-15.7998	-47.8645
division	Doha	25.270283	51.52297
division	Dolnoslaskie	51.122543	16.404924
division	Doornik	50.616724	3.395329
division	Drenthe	52.846963	6.608915
division	Dublin	53.3431	-6.262191
division	Dubrovnik	42.651307	18.102801
division	Duesseldorf	51.236437	6.809537
division	Durango	24.019546	-104.658028
division	Eastern Cape	-32.344458	26.497832
division	Ecuador	-1.3397667	-79.3666964
division	Egypt	26.2540493	29.2675469
division	Ellezelles	50.7338	3.6799
division	Elsene	50.82821	4.371924
division	England	52.405994	-1.671707
division	Eskisehir	39.773703	30.518708
division	Espirito Santo	-19.1834	-40.3089
division	Estado de Mexico	19.4969	-99.7233
division	Estinnes	50.374881	4.103617
division	Estonia	59	26
division	Etterbeek	50.833658	4.394661
division	Eupen	50.6292	6.0337
division	Europe	49.646237	10.799454
division	Finland	61.751734	26.186437
division	Flanders	51.056536	4.254283
division	Flevoland	52.48851	5.615829
division	Florida	27.6648	-81.5158
division	Fontaine-l Eveque	50.407803	4.322526
division	Frameries	50.389738	3.883946
division	France	46.2276	2.2137
division	Frankfurt	50.1109	8.6821
division	Fribourg	46.804570	7.162854
division	Friesland	53.1642	5.7818
division	Friuli Venezia Giulia	46.2259	13.1034
division	Fujian	26.284852	118.122938
division	Galicia	42.5751	-8.1339
division	Gambia	13.5	-15.5
division	Ganshoren	50.873	4.3093
division	Gauteng	-26.199815	28.110057
division	Gavleborgs lan	61.514766	16.400925
division	Gelderland	52.042091	6.01486
division	Genappe	50.603841	4.451737
division	Geneva	46.216038	6.136984
division	Gent	51.04154	3.697961
division	Georgia	32.1656	-82.9001
division	Geraardsbergen	50.777365	3.899454
division	Germany	51.1657	10.4515
division	Ghana	8.0300284	-1.080027
division	Ghent	51.0543	3.7174
division	Gierle	51.2672	4.8677
division	Gilgit Baltistan	35.589113	75.614837
division	Glarus	47.018842	8.979742
division	Goiais	-15.932272	-49.593573
division	Gomez Palacios	25.572985	-103.492743
division	Grand Canary Islands	27.9202	-15.5474
division	Grand Est	48.691467	5.566495
division	Grand Princess	37.579905	-123.67313
division	Grand Princess 2nd cruise	38.579905	-124.67313
division	Graubünden	46.709551	9.606903
division	Greater Accra	5.761619	0.040546
division	Greece	39	22
division	Grimbergen	50.942962	4.375664
division	Guadalajara	20.676026	-103.332671
division	Guam	13.464887	144.792016
division	Guangdong	23.615762	114.483257
division	Guangxi	23.717754	108.701872
division	Guayas	-1.9575	-79.9193
division	Guerrero	17.463444	-99.792052
division	Gujarat	22.2587	71.1924
division	Gyeonggi	37.397957	127.380864
division	Halland	56.964727	12.796906
division	Haryana	29.0588	76.0856
division	Hangzhou	30.2741	120.1551
division	Hanoi	21.0278	105.8342
division	Hasselt	50.925347	5.311394
division	Hauts de France	49.934396	2.783002
division	Havelange	50.359744	5.246545
division	Hawaii	19.8968	-155.5828
division	Hawali	29.3378	48.0235
division	Helden	51.32323	6.012457
division	Helsinki	60.1698848	24.9384991
division	Hemiksem	51.143514	4.339896
division	Henan	33.817629	113.690243
division	Henri-chapelle	50.665958	5.932616
division	Heredia	9.997549	-84.121162
division	Herent	50.91021	4.644197
division	Herselt	51.048723	4.879674
division	Herstal	50.680399	5.606845
division	Herve	50.647665	5.794572
division	Ho Chi Minh City	10.790417	106.653985
division	Hoegaarden	50.7743	4.8927
division	Holsbeek	50.9211	4.757
division	Hong Kong	22.3964	114.1095
division	Honnelles	50.350747	3.714603
division	Houthalen-Helchteren	51.0312	5.3765
division	Hubei	31.095477	112.676644
division	Huila	2.545605	-75.524024
division	Huldenberg	50.7886	4.5881
division	Hungary	47	20
division	Iceland	64.9841821	-18.1059012
division	Idaho	43.810421	-114.351215
division	Ile De France	48.724751	2.491522
division	Illinois	40.088552	-89.301876
division	India	21.077353	78.723951
division	Indiana	40.2672	-86.1349
division	Iowa	41.878	-93.0977
division	Iran	34.5732	51.876
division	Irbid	32.5568	35.8469
division	Ireland	52.865	-7.979
division	Ishikawa	36.570185	136.732454
division	Israel	31.5	34.75
division	Istanbul	41.0082	28.9784
division	Istria	45.189488	13.889205
division	Italian cruise ship	41.831176	11.491061
division	Italy	43.382775	12.183629
division	Jakarta	-6.221537	106.838429
division	Jalisco	20.422362	-103.793697
division	Jamaica	18.1096	-77.2975
division	Jammu	32.7266	74.8570
division	Jamtland	63.1712	14.9592
division	Japan	35.68536	139.75309
division	Jeddah	21.4858	39.1925
division	Jerusalem District	31.7648	34.9948
division	Jiangsu	33.077761	119.825116
division	Jiangxi	27.458973	115.535326
division	Jonkoping	57.7826	14.1618
division	Jordan	31.1667049	36.941628
division	Jura	47.368929	7.163449
division	Kalmar	56.6634	16.3568
division	Kalmthout	51.383	4.4752
division	Kanagawa	35.403801	139.294288
division	Kansai	34.778675	135.880055
division	Kansas	39.0119	-98.4842
division	Kanto	36.167777	139.170466
division	Karachi	24.8607	67.0011
division	Karaman	37.165058	33.294127
division	Kargil	34.5539	76.1349
division	Karnataka	15.3173	75.7139
division	Kastamonu	41.550202	33.742886
division	Kasterlee	51.2405	4.9674
division	Kathmandu	27.712907	85.323557
division	Kaulile	51.1872	5.5257
division	Kayseri	38.7205	35.4826
division	Kecskemet	46.8964	19.6897
division	Keelung	25.1276	121.7392
division	Kerala	10.359825	76.39955
division	Kessel-Lo	50.8851	4.7357
division	Khabarovsk Region	50.5888	135
division	Khyber Pakhtunkhwa	33.696621	72.636031
division	Kinshasa	-4.2978	15.2962
division	Knokke-Heist	51.331501	3.308826
division	Kocaeli	40.886367	29.905212
division	Kochi	33.518628	133.505674
division	Komen	45.8175	13.7483
division	Konya	37.859743	32.495438
division	Koprivnica	46.168157	16.827208
division	Kosice	48.7164	21.2611
division	Kostoliste	48.4467	16.9868
division	Kraainem	50.8611	4.4593
division	Kraljevo	43.7238	20.6873
division	Krasnodar Region	45.6415	39.7056
division	Krasnoyarsk Region	64.248	95.1104
division	Kuala Lumpur	3.139	101.6869
division	Kuwait	29.452987	47.447194
division	KwaZulu-Natal	-28.704798	30.693005
division	Kwara State	9.172913	4.409729
division	Kyoto	35.007542	135.768455
division	Ladakh	34.152588	77.577049
division	La Louviere	50.469989	4.158129
division	La Rioja	42.2871	-2.5396
division	Lagos	6.54252	3.286661
division	Lanaken	50.884429	5.634002
division	Lapland	67.700017	26.273752
division	Lasne	50.679575	4.463992
division	Latvia	56.799689	25.441386
division	Lazio	41.994328	12.622686
division	Leiden	52.154612	4.484671
division	Leningrad Region	60.0793	31.8927
division	Leuven	50.8798	4.7005
division	Liège	50.6326	5.5797
division	Lima	-11.971424	-77.070229
division	Limburg	51.230477	5.956744
division	Limerick	52.662235	-8.627565
division	Limpopo	-23.4013	29.4179
division	Linter	50.818098	5.042221
division	Lipetsk Region	52.5265	39.2032
division	Lisbon	38.7223	-9.1393
division	Lithuania	55.41667	24
division	Lombardy	45.4791	9.8452
division	Louisiana	30.9843	-91.9623
division	Louth	53.9508	-6.5406
division	Lubbeek	50.880093	4.821901
division	Lucerne	47.0502	8.3093
division	Lummen	50.995516	5.181081
division	Luxembourg	49.755428	6.119486
division	Madhya Pradesh	22.9734	78.6569
division	Madinah	24.5247	39.5692
division	Madrid	40.4168	-3.7038
division	Magdalena	10.258546	-74.366995
division	Maharashtra	19.7515	75.7139
division	Makkah	21.3891	39.8579
division	Malaysia	2.3923759	112.8471939
division	Malopolskie	49.7225	20.2503
division	Manila	14.652678	121.043936
division	Manitoba	55.182879	-97.823531
division	Marche	43.374025	13.161012
division	Mardin	37.3129	40.7340
division	Martin	49.0617	18.919
division	Maryland	39.0458	-76.6413
division	Massachusetts	42.340741	-71.998513
division	Mazowieckie	52.467791	21.224779
division	Mbour	14.427132	-16.966574
division	Melbourne	-37.8136	144.9631
division	Melilla	35.291746	-2.938261
division	Merelbeke	50.9945	3.7456
division	Meta	3.275638	-73.120232
division	Mexico	19.4325301	-99.1332101
division	Mexico City	19.404497	-99.143041
division	Michigan	45.021203	-84.762273
division	Milheeze	51.505685	5.799239
division	Minas gerais	-18.35789	-44.411895
division	Minnesota	46.126042	-94.619581
division	Mirpur	23.808569	90.363307
division	Missouri	37.9643	-91.8318
division	Mons	50.445439	3.962794
division	Montana	46.974704	-110.872530
division	Montevideo	-34.823827	-56.211799
division	Montigny-le-Tilleul	50.374917	4.371814
location	Morehouse Parish	32.813203	-91.810337
division	Moscow	55.7558	37.6173
division	Moscow Region	55.3404	38.2918
division	Mouscron	50.738645	3.23861
division	Mpumalanga	-25.5653	30.5279
division	Mumbai	19.0760	72.8777
division	Munich	48.144747	11.561739
division	Myanmar	20.600856	96.287616
division	Nakhonnayok	14.180467	101.096533
division	Namur	50.457215	4.879493
division	Nara	34.371026	135.887389
division	Narayanganj	23.619169	90.500837
division	Narino	1.592142	-77.851790
division	Navarra	42.687776	-1.645699
division	Nebraska	41.4925	-99.9018
division	Nepal	28	84
division	Netherlands	52.1326	5.2913
division	Nevada	38.8026	-116.4194
division	Nevele	51.0343	3.5474
division	Nevsehir	38.767304	34.698996
division	New Brunswick	46.57077	-66.308191
division	New Hampshire	43.1939	-71.5724
division	New Jersey	40.0583	-74.4057
division	New Mexico	34.5199	-105.8701
division	New South Wales	-32.68843	146.228414
division	New Taipei City	25.017	121.4628
division	New York	40.703395	-73.904193
division	New Zealand	-41.500083	172.8344077
division	Newfoundland and Labrador	53.655784	-61.203723
division	Nieuwerkerken	50.882291	5.20403
division	Nigeria	10	8
division	Nonthaburi	13.852511	100.522791
division	Normandie	48.8799	0.1713
division	Norrbotten	66.936364	20.341728
division	Norte de santander	8.107454	-72.862123
division	North America	28.2367447	-97.738017
division	North Brabant	51.4827	5.2322
division	North Carolina	35.7596	-79.0193
division	North District	32.8972	35.3027
division	North Holland	52.5206	4.7885
division	North Rhine Westphalia	51.44	7.705
division	Northern Ireland	54.60219	-6.687146
division	Northern Territory	-19.4914	132.551
division	Norway	64.574131	11.52701029
division	Nottinghamshire	53.134734	-0.989052
division	Nova Scotia	44.879119	-64.020314
division	Novi Pazar	43.1407	20.5214
division	Novosibirsk Region	55.4467	80.1044
division	Nur-Sultan	51.147862	71.433377
division	Occitanie	43.8927	3.2828
division	Oceania	-25.0562891	152.008576
division	Odisha	20.9517	85.0985
division	Oevel	51.1387	4.9043
division	Ogun State	7.006146	3.401761
division	Ohio	40.199215	-82.825637
division	Omsk Region	55.0555	73.3167
division	Ontario	44.429	-79.377
division	Oostrozebeke	50.931551	3.338685
division	Orebro	59.2753	15.2134
division	Orebro lan	59.378174	14.948348
division	Oregon	43.8041	-120.5542
division	Orenburg Region	51.7634	54.6188
division	Oroshaza	46.5684	20.6545
division	Osaka	34.64872	135.525013
division	Osijek	45.552719	18.693245
division	Oslo	59.903687	10.7497
division	Ostergotland	58.402269	15.748012
division	Osun State	7.592215	4.505599
division	Otago	-45.412319	169.855268
division	Oudergem	50.812905	4.435779
division	Overijssel	52.436273	6.463628
division	Oyo State	8.154414	3.632978
division	Pahang	3.8126	103.3256
division	Pakistan	30	70
division	Panama	8.3096067	-81.3066245
division	Panama City	8.98333	-79.5166
division	Para	-4.281398	-52.582417
division	Pathum Thani	14.018153	100.723973
division	Pays de la Loire	47.640237	-0.647258
division	Pelt	51.210014	5.420519
division	Pennsylvania	41.2033	-77.1945
division	Perm Region	58.017794	56.311058
division	Peru	-10	-75.25
division	Philippines	12.8797	121.774
division	Phuket	7.959471	98.339272
division	Pichincha	-0.1465	-78.4752
location	Plock	52.520284	19.690317
division	Poland	52.0977181	19.0258159
division	Pomorskie	54.2944	18.1531
division	Portugal	39.54046	-8.174701
division	Prague	50.0755	14.4378
division	Primorskiy Region	45.0526	135
division	Prince Edward Island	46.344935	-63.405688
division	Pskov Region	56.7709	29.094
division	Puebla	19.0414	-98.2063
division	Puerto Rico	18.2208	-66.5901
division	Puerto Montt	-41.4689	-72.9411
division	Pula	44.870671	13.867625
division	Punjab	31.1471	75.3412
division	Punta Arenas	53.1638	70.9171
division	Qatar	25.27932	51.52245
division	Quangninh	21.0064	107.2925
division	Quangning	21.21476	107.251514
division	Quaregnon	50.437973	3.859235
division	Quebec	52.9399	-73.5491
division	Queensland	-23.094025	144.192275
division	Queretaro	20.5888	-100.3899
division	Quevy	50.368752	3.945724
division	Quindio	4.477059	-75.690565
division	Quintana Roo	19.642598	-88.040442
division	Quito	-0.18126	-78.4599
division	Rajasthan	26.498229	73.881085
division	Ramat Gan	32.0684	34.8248
division	Rancagua	-34.1701	-70.7406
location	Rapides Parish	31.204868	-92.527191
division	Ravels	51.416526	5.022319
division	Red River Delta	21.010949	105.786621
division	Republic of Buryatia	54.8331	112.4061
division	Republic of Crymea	45.3453	34.4997
division	Republic of Kabardino-Balkaria	43.3932	43.5628
division	Republic of Sakha	66.7613	124.1238
division	Republic of Tatarstan	55.1802	50.7264
division	Reykjavik	64.1445	-21.9418
division	Rhode Island	41.5801	-71.4774
division	Riemst	50.805092	5.589712
division	Riga	56.960679	24.10716
division	Rio de Janeiro	-22.89445	-43.2099
division	Rio Grande do Sul	-29.615543	-53.220125
division	Rio Negro	-40.8261	-63.0266
division	Risaralda	4.921633	-75.900759
division	Rixensart	50.7156	4.531
division	Riyadh	23.197563	45.243845
division	Rome	41.9028	12.4964
division	Ronse	50.745879	3.607614
division	Russia	64.6863136	97.7453061
division	Saint-Ghislain	50.483208	3.802415
division	Saint-Petersburg	59.88208	30.3308
division	Saint-Saulve	50.374816	3.569855
division	Saitama	35.909903	139.659758
division	Sakarya	40.753425	30.384694
division	Sakhalin Region	50.691	142.9506
division	Salzburg	47.356774	13.227550
division	Samara Region	53.4184	50.4726
division	samut prakarn	13.581663	100.721344
division	Sankt Gallen	47.419862	9.374697
division	Santa Catarina	-27.15767	-49.888561
division	Santander	6.746570	-73.476456
division	San Jose	9.9281	-84.0907
division	Santiago	-33.383304	-70.530623
division	Sao Paulo	-23.59806	-46.660537
division	Saskatchewan	53.934278	-106.16006
division	Saudi Arabia	25	45
division	Skane	55.9903	13.5958
division	Schaffhausen	47.712000	8.638976
division	Schoten	51.2498	4.4977
division	Schwyz	47.055398	8.73645
division	Scotland	56.415858	-4.090641
division	Selangor	3.0738	101.5183
division	Semnan	35.2256	54.4342
division	Senegal	14.5	-14.25
division	Seoul	37.548278	126.990916
division	Seraing	50.591687	5.516066
division	Serbia	43.745902	20.848918
division	Shandong	36.298013	118.193884
division	Shanghai	31.171447	121.429896
division	Sichuan	30.709229	102.693949
division	Sihanoukville	10.616351	103.512278
division	Siirt	37.911394	42.115166
division	Silly	50.638827	3.943396
division	Singapore	1.344189	103.867546
division	Sint-Agatha-Berchem	50.863918	4.294079
division	Sint-Genesius-Rode	50.743667	4.371971
division	Sint-Gillis-Waas	51.226622	4.118297
division	Sint-Niklaas	51.1559	4.1544
division	Sint-Pieters-Woluwe	50.83	4.4335
division	Sint-Truiden	50.810338	5.192644
division	Slask	50.406080	18.976345
division	Slovakia	48.66667	19.5
division	Slovenia	45.8133113	14.4808369
division	Smaaland	57.528294	14.463824
division	Soignies	50.565241	4.035806
division	Sormland	59.061157	16.697407
division	Soumagne	50.636363	5.733485
division	South Africa	-28.8166235	24.991639
division	South America	-13.083583	-58.470721
division	South Australia	-30.0002	136.2092
division	South Carolina	33.8361	-81.1637
division	South Coast District	29.873836	34.934417
division	South District	30.8296	35.0388
division	South Holland	52.006053	4.485728
division	South Korea	36.609249	127.917932
division	South Tyrol	46.762051	11.427443
division	South Yorkshire	53.4697	-1.326
division	Spain	40.4637	-3.7492
division	Split	43.514220	16.461441
division	Sri Lanka	7.75	80.75
division	St-Louis	16.0326	-16.4818
division	Stekene	51.214088	4.030857
division	Stockholm	59.33267	18.061849
division	Styria	47.3593	14.4700
division	Sud Kivu	-3.223156	28.386665
division	Surabaya	-7.266062	112.748376
division	Sverdlovsk Region	59.0077	61.9316
division	Sweden	59.6749712	14.5208584
division	Switzerland	46.8182	8.2275
division	Szeged	46.2530	20.1414
division	Taipei	25.00203	121.518688
division	Taiwan	23.8169	121.031365
division	Talca	-35.462909	-71.37096
division	Tamil Nadu	11.1271	78.6569
division	Taoyuan	24.9936	121.301
division	Tatarstan	56.130014	53.371181
division	Tbilisi	41.733699	44.818487
division	Tehran	35.6892	51.3890
division	Tekirdag	40.9781	27.5117
division	Tel Aviv District	32.0929	34.8072
division	Telangana	18.094062	79.141493
division	Temuco	-38.7359	-72.5904
location	Tensas Parish	31.996977	-91.321633
division	Teramo	42.6611	13.6987
division	Tervuren	50.820725	4.52387
division	Texas	31.146868	-99.188758
division	Thailand	14.8971921	100.83273
division	Thanh Hoa	20.026365	105.439044
division	Theux	50.518906	5.814748
division	Thies	14.791	-16.9359
division	Thurgau	47.576816	9.072051
division	Ticino	46.345334	8.774813
division	Tielt-Winge	50.922676	4.892596
division	Tienen	50.80466	4.937784
division	Tilburg	51.567213	5.047957
division	Tipperary	52.4738	-8.1619
division	Tokat	40.3235	36.5522
division	Tokyo	35.683441	139.766131
division	Tolima	4.065944	-75.215716
division	Touba	14.856713	-15.87911
division	Toulouse	43.597198	1.431465
division	Tournai	50.615852	3.400822
division	Trang	7.529936	99.611699
division	Trondheim	63.4305	10.3951
division	Tubize	50.687041	4.193545
division	Turkey	39	35
division	Tver Region	57.0022	33.9853
division	Tyrol	47.220292	11.277287
division	Uganda	1.3733	32.2903
division	UK	54.234125	-2.078794
division	Ukkel	50.78985	4.360242
division	United Arab Emirates	23.546651	54.065059
division	United Kingdom	54.242833	-2.088739
division	Uppsala	59.8586	17.6389
division	Uri	46.774206	8.628190
division	Uruguay	-33	-56
division	Uttar Pradesh	26.8467	80.9462
division	USA	38.916963	-98.891372
division	Usti nad Labem	50.656527	14.053702
division	Utah	39.4225192	-111.7143583
division	Utrecht	52.08532	5.184968
division	Valais	46.166982	7.563441
division	Valle del Cauca	3.747163	-76.415809
division	Valparaiso	-33.0472	-71.6127
division	Vastmanland	59.6714	16.2159
division	Varaždin County	46.2317	16.3361
division	Varazdin	46.304239	16.337102
division	Varmland	59.894483	13.209991
division	Vastra Gotaland	58.2528	13.0596
division	Vasterbotten	64.863611	17.7435
division	Vasternorrland	63.286259	17.641659
division	Vaud	46.619469	6.472479
division	Veneto	45.4415	12.3153
division	Vermont	44.5588	-72.5778
division	Verona	45.4384	10.9916
division	Victoria	-37.121673	144.106178
division	Vienna	48.2082	16.3738
division	Vietnam	16.16667	107.83333
division	Villavicencio	4.134000	-73.623483
division	Vilnius	54.697979	25.279095
division	Vilvoorde	50.932484	4.429885
division	Vinhphuc	21.348702	105.548594
division	Virgin Islands	18.3358	-64.8963
division	Virginia	37.926868	-78.024902
division	Vorst	50.8134	4.3248
division	Vysocina Region	49.442644	15.672714
division	Waasmunster	51.1182	4.080492
division	Wales	52.306085	-3.621944
division	Walloon Brabant	50.661007	4.566076
division	Wanze	50.549453	5.196784
division	Warminsko-Mazurskie	53.924679	20.844499
division	Washington	47.183945	-119.950361
division	Washington DC	38.895650	-77.018707
division	Waterloo	50.710994	4.406944
division	Watermaal-Bosvoorde	50.793185	4.423301
division	Wellington	-41.273449	174.857634
division	Wervik	50.807707	3.052349
division	West Bengal	23.361461	87.724077
division	West Coast Region	13.2229	16.582
division	Western Australia	-27.055937	122.236663
division	Wevelgem	50.832135	3.174228
division	Wicklow	52.9808	-6.0446
division	Wielkopolskie	52.2800	17.3523
division	Wisconsin	44.535145	-89.527762
division	Wyoming	43.076	-107.2903
division	Yunnan	24.556297	101.36621
division	Zhejiang	29.22571	120.299125
division	Zielonogorskie	52.2275	15.2559
division	Zinnik	50.567422	4.040613
division	Zolder	50.9905	5.258
division	Zonhoven	50.9871	5.3672
division	Zoutleeuw	50.836614	5.107761
division	Zürich	47.441242	8.641154




country	Argentina	-37.052315	-64.869142
country	Austria	47.5162	14.5501
country	Bangladesh	24.506442	90.041454
country	Belarus	53.704205	28.247691
country	Costa Rica	10.037900	-83.818759
country	Croatia	45.1000	15.2000
country	Denmark	56.2639	9.5018
country	Democratic Republic of the Congo	-4.0383	21.7587
country	Ecuador	-1.0541	-78.1489
country	Egypt	26.8206	30.8025
country	England	52.3555	-1.1743
country	Estonia	58.850111	25.808524
country	Georgia	41.989378	43.597463
country	Ghana	7.811417	-1.089272
country	Guam	13.464887	144.792016
country	Iceland	64.90614	-18.4826
country	Indonesia	-0.897599	114.181602
country	Iran	34.5732	51.876
country	Israel	31.217736	34.903129
country	Jamaica	18.1096	-77.2975
country	Kyrgyzstan	41.2044	74.7661
country	Lithuania	55.378752	23.945328
country	Luxembourg	49.755428	6.119486
country	Malaysia	4.264153	102.222436
country	Myanmar	20.600856	96.287616
country	Norway	61.3109	8.73701
country	Panama	8.98333	-79.5166
country	Peru	-9.650468	-75.328211
country	Philippines	11.383086	123.521862
country	Qatar	25.230573	51.183951
country	Romania	45.9432	24.9668
country	Sri Lanka	7.8731	80.7718
country	Turkey	39.046746	36.767068
country	Uganda	1.861287	32.551490

country	Africa	4.070194	21.824559
country	Asia	30.451098	86.654576
country	Europe	49.646237	10.799454
country	North America	28.2367447	-97.738017
country	Oceania	-25.0562891	152.008576
country	South America	-13.083583	-58.470721

region	Asia	30.451098	86.654576

location	Aabenraa	54.9813044	9.43042383
location	Aabybro	57.16281999	9.76743307
location	Aabyhoej	56.15196052	10.1605019
location	Aakirkeby	55.07147062	14.92562941
location	Aalbaek	57.61578717	10.38549636
location	Aalborg	57.04071943	9.89137823
location	Aalborg Oest	57.05001015	10.00750733
location	Aalborg SOe	56.9991663	9.93295578
location	Aalborg SV	57.00928951	9.86220561
location	Aalestrup	56.69297871	9.4967184
location	Aalsgaarde	56.06799415	12.51154216
location	Aarhus C	56.14653059	10.19488435
location	Aarhus N	56.20167527	10.15922351
location	Aarhus V	56.17162148	10.15819911
location	Aarre	55.57688969	8.71514349
location	Aars	56.80003403	9.49610809
location	Aarslev	55.2906707	10.3936597
location	Aarup	55.37369367	10.03851749
location	Aeroeskoebing	54.85586468	10.39953328
location	Agedrup	55.43328771	10.49270079
location	Agerbaek	55.60852142	8.82421529
location	Agerskov	55.12832485	9.15854853
location	Agersoe	55.20355947	11.1873573
location	Albertslund	55.6869516	12.34477556
location	Alleroed	55.86605512	12.33661891
location	Allingaabro	56.48749714	10.49234849
location	Allinge	55.24763678	14.7919022
location	Almind	55.55907816	9.46401838
location	Anholt	56.70602868	11.5586168
location	Ansager	55.72123589	8.75126746
location	Ans By	56.28777753	9.6247327
location	Arden	56.76264148	9.94260419
location	Asaa	57.1266589	10.36703574
location	Askeby	54.91742131	12.16893204
location	Askoe	54.89237614	11.48944128
location	Asnaes	55.81189764	11.49734808
location	Asperup	55.49355829	9.89174003
location	Assens	55.296664	9.95188834
location	Augustenborg	54.97430575	9.94867622
location	Aulum	56.2699576	8.79948064
location	Auning	56.42921057	10.38424574
location	Avernakoe	55.02556236	10.25896124
location	Baekke	55.58270689	9.15666611
location	Baekmarksbro	56.41551889	8.33184097
location	Baelum	56.8298458	10.12654857
location	Bagenkop	54.74917242	10.70558669
location	Bagsvaerd	55.76191781	12.44587672
location	Balle	56.30795171	10.82554659
location	Ballerup	55.73668449	12.3638449
location	Bandholm	54.82684374	11.47188391
location	Barrit	55.70831576	9.89475415
location	Barsoe	55.11766266	9.56277977
location	Beder	56.06269886	10.23058516
location	Bedsted Thy	56.84864154	8.35724317
location	Bevtoft	55.19588025	9.19750089
location	Billum	55.60426654	8.32545625
location	Billund	55.73747406	9.10002297
location	Bindslev	57.56950037	10.23546481
location	Birkeroed	55.84270608	12.41757019
location	Birkholm	54.93108665	10.5027921
location	Bjaeverskov	55.44838852	12.02691725
location	Bjerringbro	56.36051392	9.64257403
location	Bjert	55.44545871	9.55989385
location	Bjoernoe	55.06568932	10.24418889
location	Blaavand	55.54979193	8.20009891
location	Blokhus	57.25418763	9.60899419
location	Blommenslyst	55.38883518	10.22531693
location	Boerkop	55.65097364	9.65846332
location	Boeslunde	55.3061459	11.26828566
location	Boevlingbjerg	56.43739992	8.21225901
location	Bogense	55.54353326	10.10364476
location	Bogoe By	54.92596633	12.05627573
location	Bolderslev	54.9843364	9.20811159
location	Bording	56.15034765	9.25470923
location	Borre	54.98676852	12.46809326
location	Borup	55.49411646	11.97092667
location	Brabrand	56.15788265	10.06788413
location	Braedstrup	55.96052136	9.59236493
location	Bramming	55.46063621	8.70169105
location	Brande	55.93341595	9.0912202
location	Branderup J	55.12085206	9.05916508
location	Bredebro	55.0635713	8.7786027
location	Bredsten	55.70610256	9.36512374
location	Brenderup Fyn	55.49127383	9.98162393
location	Broager	54.87471973	9.68728458
location	Broby	55.24506199	10.25211529
location	Broendby	55.64503648	12.40439537
location	Broendby Strand	55.62196244	12.42428638
location	Broenderslev	57.28432949	9.88277134
location	Broenshoej	55.70964347	12.48463422
location	Broerup	55.49880374	8.99731666
location	Brovst	57.11409455	9.52916426
location	Bryrup	56.02488921	9.47060993
location	Bylderup-Bov	55.01707978	9.14165592
location	Charlottenlund	55.75534263	12.57482427
location	Christiansfeld	55.35487274	9.44750863
location	Dalby	55.51753249	10.68882027
location	Dalmose	55.28221993	11.42947642
location	Dannemare	54.75559334	11.18719585
location	Daugaard	55.7249829	9.70788252
location	Dianalund	55.53579978	11.48228398
location	Dragoer	55.57811737	12.5946831
location	Dronninglund	57.21127809	10.31020366
location	Dronningmoelle	56.08281996	12.39734185
location	Dybvad	57.28497909	10.32334518
location	Dyssegaard	55.73206179	12.527951
location	Ebberup	55.23546244	9.97625126
location	Ebeltoft	56.26575171	10.73316473
location	Egaa	56.22062565	10.27332281
location	Egernsund	54.9063012	9.61894445
location	Egtved	55.61664144	9.29089234
location	Ejby	55.39677197	9.87138048
location	Ejstrupholm	56.02375436	9.24826265
location	Endelave	55.75324129	10.30650605
location	Engesvang	56.21005036	9.30391703
location	Errindlev	54.65340407	11.51366246
location	Erslev	56.8499435	8.70467586
location	Esbjerg	55.46435394	8.47091415
location	Esbjerg N	55.55332885	8.5093547
location	Esbjerg Oe	55.49119806	8.50670242
location	Esbjerg V	55.56107856	8.35680928
location	Eskebjerg	55.70817478	11.2778357
location	Eskilstrup	54.86008558	11.90575916
location	Espergaerde	55.99750731	12.54192156
location	Faaborg	55.1212673	10.31643929
location	Faarevejle	55.81146809	11.4165038
location	Faarup	56.55632319	9.84538694
location	Faarvang	56.27196318	9.70492587
location	Fanoe	55.40607728	8.42104862
location	Farsoe	56.78956936	9.29587574
location	Farum	55.81981968	12.35067108
location	Faxe	55.26858416	12.12411181
location	Faxe Ladeplads	55.2194462	12.14099444
location	Fejoe	54.95458322	11.44329003
location	Femoe	54.97395269	11.54023083
location	Ferritslev Fyn	55.31045491	10.58601195
location	Fjenneslev	55.43261731	11.66419067
location	Fjerritslev	57.08332391	9.21926372
location	Flemming	55.89442946	9.66642959
location	Foellenslev	55.74163063	11.34429894
location	Foevling	55.43560842	8.91001913
location	Fredensborg	55.97086354	12.40200836
location	Fredericia	55.57485304	9.65659006
location	Frederiksberg	55.67945641	12.51562935
location	Frederiksberg C	55.677702938381	12.544085725619
location	Frederikshavn	57.42465984	10.4353151
location	Frederikssund	55.83658956	12.09380321
location	Frederiksvaerk	55.97783517	12.05954858
location	Froerup	55.23586503	10.75234559
location	Froestrup	57.10221602	8.96631433
location	Fuglebjerg	55.31864081	11.55229442
location	Fur	56.82525886	9.00113248
location	Gadbjerg	55.77031641	9.31066038
location	Gadstrup	55.5745913	12.08017443
location	Galten	56.17800104	9.91179535
location	Gandrup	57.05355371	10.19776644
location	Gedser	54.63327544	11.9172479
location	Gedsted	56.69090797	9.36544459
location	Gedved	55.93439431	9.86197889
location	Gelsted	55.39954114	9.96614107
location	Gentofte	55.75145806	12.53343057
location	Gesten	55.53607493	9.1837296
location	Gilleleje	56.09144496	12.34028428
location	Gislev	55.2122797	10.60886979
location	Gislinge	55.73610011	11.56410432
location	Gistrup	56.93195612	10.01379029
location	Give	55.85744681	9.2710166
location	Gjerlev J	56.58233605	10.10145059
location	Gjern	56.22223999	9.73984728
location	Glamsbjerg	55.27213799	10.10343663
location	Glejbjerg	55.55973335	8.83181793
location	Glesborg	56.50362437	10.70432538
location	Glostrup	55.6741838	12.39697754
location	Glumsoe	55.36237671	11.67300466
location	Goerding	55.4813413	8.82201058
location	Goerlev	55.53282661	11.20494852
location	Goerloese	55.8837888	12.2099944
location	Graasten	54.91935276	9.54978771
location	Graested	56.03458805	12.33787185
location	Gram	55.27645397	9.01601909
location	Gredstedbro	55.40373213	8.74986974
location	Grenaa	56.42794759	10.84475511
location	Greve	55.59488632	12.2795259
location	Grevinge	55.79881789	11.57869539
location	Grindsted	55.75986358	8.89887879
location	Gudbjerg Sydfyn	55.15512414	10.63638217
location	Gudhjem	55.17844614	14.94602791
location	Gudme	55.1496317	10.7120614
location	Guldborg	54.85951987	11.71401632
location	Haarby	55.20982525	10.1471915
location	Haarlev	55.36245892	12.22317915
location	Haderslev	55.20399665	9.49012437
location	Haderup	56.32444075	8.9740962
location	Hadsten	56.33866468	10.0289852
location	Hadsund	56.75613538	10.19138919
location	Hals	57.02498855	10.30086655
location	Hammel	56.26356721	9.8817943
location	Hampen	56.06515415	9.38166979
location	Hanstholm	57.0996484	8.62783843
location	Harbooere	56.6187646	8.1771008
location	Harlev J	56.14059283	9.99991491
location	Harndrup	55.45477943	10.02916475
location	Harpelunde	54.88012802	11.07829411
location	Hasle	55.20627219	14.7410151
location	Haslev	55.32031014	11.95519764
location	Hasselager	56.10123046	10.08245179
location	Havdrup	55.54041131	12.11265454
location	Havndal	56.64404666	10.24786405
location	Hedehusene	55.66357137	12.19945854
location	Hedensted	55.76508387	9.71130088
location	Hejls	55.38443732	9.59620777
location	Hejnsvig	55.69122218	8.96462269
location	Hellebaek	56.06036086	12.54635755
location	Hellerup	55.73337558	12.56460287
location	Helsinge	56.01099572	12.1715219
location	Helsingoer	56.04219716	12.50621585
location	Hemmet	55.83086567	8.40278028
location	Henne	55.7073333	8.2650851
location	Herfoelge	55.41715543	12.14194267
location	Herlev	55.74057031	12.42581802
location	Herlufmagle	55.32910688	11.77284465
location	Herning	56.11911505	8.98775376
location	Hesselager	55.17835413	10.75889719
location	Hilleroed	55.92123871	12.28696917
location	Hinnerup	56.25949156	10.06719333
location	Hirtshals	57.56522019	9.9730564
location	Hjallerup	57.17870119	10.13790859
location	Hjerm	56.43288826	8.64900967
location	Hjoerring	57.45677529	10.00194327
location	Hjortshoej	56.29464717	10.20502083
location	Hobro	56.63884509	9.70994296
location	Hoejbjerg	56.10925697	10.19038551
location	Hoejby	55.90785357	11.56599512
location	Hoejer	54.97579924	8.7073343
location	Hoejslev	56.55956367	9.15680195
location	Hoeng	55.50308551	11.30548124
location	Hoerning	56.09369625	10.0135704
location	Hoersholm	55.88126977	12.4388378
location	Hoerve	55.76162861	11.40509082
location	Holbaek	55.69140735	11.68585053
location	Holeby	54.70172856	11.53543477
location	Holmegaard	55.25979308	11.86408266
location	Holstebro	56.34794414	8.58519299
location	Holsted	55.51123398	8.90149179
location	Holte	55.81684549	12.48640452
location	Horbelev	54.81849932	12.08885067
location	Hornbaek	56.07098804	12.45350552
location	Hornslet	56.33260255	10.29717184
location	Hornsyld	55.76234096	9.85180061
location	Horsens	55.88079276	9.78149881
location	Horslunde	54.92611187	11.19649792
location	Hovborg	55.60367953	8.94671137
location	Hovedgaard	55.95626604	9.98616441
location	Humble	54.80650064	10.70448851
location	Humlebaek	55.95707486	12.5143695
location	Hundested	55.96955956	11.91239732
location	Hundslund	55.90551956	10.05739324
location	Hurup Thy	56.721024	8.412962
location	Hvalsoe	55.58583604	11.86940589
location	Hvide Sande	55.86176614	8.17402151
location	Hvidovre	55.63196911	12.46971814
location	Idestrup	54.73413853	11.98653793
location	Ikast	56.09377094	9.1925469
location	Ishoej	55.62236463	12.33447891
location	Jaegerspris	55.82585148	11.99233312
location	Janderup Vestj	55.63374455	8.38971082
location	Jelling	55.76853547	9.43589642
location	Jerslev J	57.29699349	10.11084423
location	Jerslev Sjaelland	55.61730235	11.23183281
location	Jerup	57.53295125	10.40023385
location	Jordrup	55.55380577	9.3183142
location	Juelsminde	55.76517236	9.9563685
location	Jyderup	55.61622153	11.38733175
location	Jyllinge	55.74352995	12.1115294
location	Jystrup Midtsj	55.52537395	11.85552289
location	Kalundborg	55.67771845	11.16811565
location	Kalvehave	55.00803318	12.1427942
location	Karby	56.76325377	8.58596392
location	Karise	55.29633252	12.21696415
location	Karlslunde	55.56927896	12.21375988
location	Karrebaeksminde	55.19556032	11.63388817
location	Karup J	56.32799021	9.17419358
location	Kastrup	55.59816921	12.54212256
location	Kerteminde	55.4280626	10.66559789
location	Kettinge	54.70725618	11.74606046
location	Kibaek	55.94883412	8.92947696
location	Kirke Eskilstrup	55.56442046	11.78695601
location	Kirke Hyllinge	55.70497207	11.91387965
location	Kirke Saaby	55.65438247	11.87373529
location	Kjellerup	56.2882506	9.39095532
location	Klampenborg	55.77942236	12.57634278
location	Klarup	57.01951187	10.05566097
location	Klemensker	55.19264146	14.81018781
location	Klippinge	55.37980409	12.35667358
location	Klovborg	55.92463273	9.48555987
location	Knebel	56.19326555	10.50985533
location	Koebenhavn K	55.6805181085345	12.5824681515948
location	Koebenhavn N	55.6940569	12.54914572
location	Koebenhavn NV	55.71256101	12.52876704
location	Koebenhavn Oe	55.70892735	12.57229285
location	Koebenhavn S	55.65453772	12.60504109
location	Koebenhavn SV	55.64453879	12.52801294
location	Koebenhavn V	55.6703655716	12.5548312224
location	Koege	55.4617703	12.12455693
location	Kokkedal	55.91992432	12.45605071
location	Kolding	55.51102382	9.44363216
location	Kolind	56.34682936	10.61106988
location	Kongens Lyngby	55.78572204	12.52083673
location	Kongerslev	56.89578273	10.1135906
location	Korsoer	55.36648319	11.19353696
location	Krusaa	54.86652212	9.43744349
location	Kvaerndrup	55.18424637	10.54250568
location	Kvistgaard	55.99928886	12.49542003
location	Laasby	56.14838747	9.79899795
location	Laesoe	57.26614235	11.0080114
location	Langaa	56.3806496	9.90941177
location	Langebaek	55.00062089	12.08511083
location	Langeskov	55.36673317	10.58947313
location	Lejre	55.59456942	11.95696429
location	Lemming	56.24319222	9.55711799
location	Lem St	56.05110041	8.42316735
location	Lemvig	56.51847102	8.38720164
location	Lille Skensved	55.50779016	12.08511883
location	Lintrup	55.41777362	8.99575864
location	Liseleje	56.02007033	12.00894842
location	Loegstoer	56.93787961	9.32490793
location	Loegstrup	56.50640163	9.33562014
location	Loegumkloster	55.06237954	8.96415413
location	Loekken	57.33647395	9.74027228
location	Loesning	55.81385497	9.69416947
location	Lundby	55.1146191	11.84977261
location	Lunderskov	55.4763505	9.32882435
location	Lynge	55.8397364	12.28059858
location	Lyoe	55.0416111	10.14853074
location	Lystrup	56.24438884	10.22716475
location	Maaloev	55.75323652	12.32084626
location	Maarslet	56.0658713	10.15312251
location	Malling	56.02727804	10.21323146
location	Mariager	56.6354689	10.03096995
location	Maribo	54.76659869	11.49814602
location	Marslev	55.396433	10.53251585
location	Marstal	54.85466822	10.49715109
location	Martofte	55.54709111	10.65263113
location	Melby	55.99124758	11.97025435
location	Mern	55.04277913	12.06281976
location	Mesinge	55.49069461	10.65231059
location	Middelfart	55.49543203	9.79559492
location	Millinge	55.14245312	10.18191779
location	Moeldrup	56.6088695	9.50805968
location	Moerke	56.35508218	10.38246065
location	Moerkoev	55.62211279	11.49619782
location	Morud	55.43415758	10.19234031
location	Munke Bjergby	55.50160113	11.52243487
location	Munkebo	55.45303068	10.52553123
location	Naerum	55.81751707	12.54388723
location	Naestved	55.18747659	11.83193497
location	Nakskov	54.84738694	11.17998254
location	Nexoe	55.05756352	15.07266776
location	Nibe	56.9766274	9.47764361
location	Nimtofte	56.42793946	10.53988094
location	Nivaa	55.93342381	12.50063668
location	Noerager	56.74794316	9.63042311
location	Noerre Aaby	55.45295435	9.8617054
location	Noerre Alslev	54.90504996	11.83249114
location	Noerre Asmindrup	55.88038731	11.62326767
location	Noerreballe	54.81506841	11.4281128
location	Noerre Nebel	55.78278429	8.23630263
location	Noerre Snede	55.96381394	9.41496508
location	Noerresundby	57.08253657	9.92260209
location	Nordborg	55.04290138	9.77041161
location	Nordhavn	55.71669144	12.6163047
location	Nyborg	55.34895451	10.74962749
location	Nykoebing F	54.79417523	11.91771696
location	Nykoebing M	56.7909307	8.80307523
location	Nykoebing Sj	55.85219014	11.68364257
location	Nyrup	55.54056312	11.6485466
location	Nysted	54.6647905	11.78687222
location	Odder	55.95916323	10.17248285
location	Odense C	55.40946975	10.40417837
location	Odense M	55.37859541	10.4114235
location	Odense N	55.44966319	10.35714765
location	Odense NOe	55.42123207	10.44332209
location	Odense NV	55.41754658	10.30695242
location	Odense S	55.34939755	10.39917484
location	Odense SOe	55.34929575	10.49825565
location	Odense SV	55.35251254	10.29791607
location	Odense V	55.39401435	10.32843174
location	Oelgod	55.79347704	8.61815877
location	Oelsted	55.91208541	12.07773821
location	Oelstykke	55.78991195	12.1609202
location	Oerbaek	55.2661035	10.63473931
location	Oernhoej	56.21518023	8.52448598
location	Oersted	56.52136442	10.31404039
location	Oerum Djurs	56.44956016	10.62703709
location	Oestbirk	55.96891982	9.75737543
location	Oester Assels	56.70333146	8.69094496
location	Oestermarie	55.13963814	15.02005288
location	Oester Ulslev	54.68680743	11.60788029
location	Oestervraa	57.34034984	10.27081316
location	Oksboel	55.63843079	8.24132126
location	Omoe	55.15835564	11.15030604
location	Oroe	55.76946789	11.81388246
location	Otterup	55.53833721	10.39404998
location	Oure	55.12582781	10.74284307
location	Outrup	55.70803366	8.37405373
location	Padborg	54.84549202	9.30983474
location	Pandrup	57.20322836	9.65450806
location	Praestoe	55.09676321	12.01502847
location	Randboel	55.67810764	9.26919785
location	Randers C	56.46401254	10.0331817
location	Randers NOe	56.50133804	10.1684307
location	Randers NV	56.48050883	9.88044731
location	Randers SOe	56.42891405	10.17690051
location	Randers SV	56.41476356	10.01231946
location	Ranum	56.89623039	9.20951402
location	Rask Moelle	55.87835123	9.6137501
location	Redsted M	56.73993985	8.63947611
location	Regstrup	55.66048124	11.60711139
location	Ribe	55.30372309	8.77710386
location	Ringe	55.2209888	10.42313811
location	Ringkoebing	56.12676631	8.28044627
location	Ringsted	55.43053197	11.82805925
location	Risskov	56.20013895	10.22772666
location	Roedby	54.70508915	11.3580411
location	Roedding	55.38472069	9.14057169
location	Roedekro	55.07437317	9.28037618
location	Roedkaersbro	56.35360504	9.50444327
location	Roedovre	55.68182922	12.44863533
location	Roedvig Stevns	55.2687039	12.36843542
location	Roemoe	55.11528075	8.51259758
location	Roende	56.317568	10.48016476
location	Roenne	55.12295268	14.77040857
location	Roennede	55.23758668	12.02277028
location	Roervig	55.95452168	11.75161589
location	Roskilde	55.62171234	12.05578482
location	Roslev	56.71910575	9.02646622
location	Rude	55.24034443	11.45970548
location	Rudkoebing	54.91241197	10.76399894
location	Ruds Vedby	55.55253436	11.38504044
location	Rungsted Kyst	55.8839166	12.53010237
location	Ry	56.08481116	9.71786836
location	Rynkeby	55.40654304	10.62525952
location	Ryomgaard	56.38481233	10.50027849
location	Ryslinge	55.23725238	10.54368086
location	Sabro	56.21127538	10.01547147
location	Saeby	57.33243507	10.46020515
location	Sakskoebing	54.77305497	11.66272081
location	Saltum	57.26602272	9.69607155
location	Samsoe	55.80308366	10.58611812
location	Sandved	55.25079677	11.528121
location	Sejeroe	55.88146568	11.15483481
location	Silkeborg	56.17147071	9.4900253
location	Sindal	57.4674892	10.24075136
location	Sjaellands Odde	55.96038007	11.37993514
location	Sjoelund	55.4068472	9.53828204
location	Skaarup Fyn	55.08114666	10.69737797
location	Skaelskoer	55.23824003	11.33872913
location	Skaerbaek	55.17737454	8.79090789
location	Skaevinge	55.93559156	12.15008815
location	Skagen	57.67467155	10.46037665
location	Skals	56.60103499	9.3641894
location	Skamby	55.51969426	10.26859858
location	Skanderborg	56.02388208	9.89235588
location	Skibby	55.76620904	12.00889849
location	Skive	56.46317549	8.99505562
location	Skjern	55.99089672	8.5388741
location	Skodsborg	55.81890412	12.56907341
location	Skoedstrup	56.27207745	10.32071452
location	Skoerping	56.84944104	9.92696601
location	Skovlunde	55.71528471	12.39724634
location	Slagelse	55.40887585	11.37133987
location	Slangerup	55.85027208	12.17447416
location	Smoerum	55.72556424	12.28121197
location	Snedsted	56.86538172	8.53747892
location	Snekkersten	56.01105642	12.57698891
location	Snertinge	55.6969919	11.37072627
location	Soeborg	55.73800813	12.48425242
location	Soeby Aeroe	54.92649313	10.2694968
location	Soellested	54.79935911	11.29197531
location	Soenderborg	54.95358442	9.69069031
location	Soender Felding	55.94233735	8.80469755
location	Soender Omme	55.85051521	8.89341393
location	Soendersoe	55.48691259	10.08371535
location	Soender Stenderup	55.45931757	9.63585979
location	Soervad	56.25194401	8.66525292
location	Solbjerg	56.03661436	10.0866212
location	Solroed Strand	55.52998438	12.20134648
location	Sommersted	55.32447339	9.26072776
location	Soroe	55.40880423	11.55727004
location	Sorring	56.17906349	9.77449496
location	Spentrup	56.54082727	10.0192493
location	Spjald	56.15361133	8.50600358
location	Spoettrup	56.61535823	8.83661067
location	Sporup	56.20907595	9.83610781
location	Stakroge	55.89268974	8.82814289
location	Stege	54.94502182	12.24120039
location	Stenderup	55.79039351	9.80232769
location	Stenlille	55.55246779	11.57749201
location	Stenloese	55.80077298	12.27836793
location	Stenstrup	55.12556284	10.52352287
location	Stensved	54.97683488	12.03284003
location	Stoevring	56.89267972	9.80945918
location	Stoholm Jyll	56.48444375	9.12847686
location	Stokkemarke	54.84533107	11.37909951
location	Store Fuglede	55.58200279	11.22057118
location	Store Heddinge	55.3143901	12.39204391
location	Store Merloese	55.54054576	11.7241173
location	Storvorde	56.94614847	10.21024951
location	Stouby	55.70380933	9.80237623
location	Strandby	57.49210102	10.48547229
location	Stroeby	55.38571793	12.30263101
location	Struer	56.45291193	8.54722904
location	Strynoe	54.90949375	10.60619227
location	Stubbekoebing	54.86515744	12.03151802
location	Suldrup	56.84292865	9.68119202
location	Sulsted	57.16265215	9.99174315
location	Sunds	56.22960774	9.02585964
location	Svaneke	55.11595273	15.1077899
location	Sveboelle	55.65722471	11.29429706
location	Svendborg	54.98699919	10.57527981
location	Svenstrup J	56.9647583	9.86815189
location	Svinninge	55.71737311	11.48951817
location	Sydals	54.91335321	9.99084888
location	Taars	57.37825187	10.14317436
location	Taastrup	55.6579409	12.28083382
location	Tappernoeje	55.18292413	11.97962307
location	Tarm	55.89015511	8.54103977
location	Terndrup	56.81450196	10.04422607
location	Them	56.08668443	9.55044283
location	Thisted	56.98615967	8.56134222
location	Thorsoe	56.3103006	9.79439741
location	Thyboroen	56.69720466	8.20870381
location	Thyholm	56.62677283	8.54440323
location	Tikoeb	56.02560338	12.45560033
location	Tilst	56.18928869	10.09750556
location	Tim	56.18956069	8.19684723
location	Tinglev	54.90310437	9.20354745
location	Tistrup	55.71896752	8.63263378
location	Tisvildeleje	56.04541938	12.08216881
location	Tjaereborg	55.46810288	8.58981849
location	Tjele	56.49762699	9.60208409
location	Toelloese	55.61818163	11.74532267
location	Toender	54.95248429	8.89453488
location	Toerring	55.87483844	9.50220604
location	Toftlund	55.18306206	9.0451996
location	Tommerup	55.3195544	10.19834407
location	Toreby L	54.75783089	11.77556977
location	Torrig L	54.90522487	11.32872192
location	Tranbjerg J	56.09423322	10.13924601
location	Tranekaer	54.96442774	10.8125832
location	Trige	56.27022295	10.16086107
location	Trustrup	56.36287517	10.74217288
location	Tune	55.59602755	12.16990416
location	Tunoe	55.95055136	10.43544835
location	Tureby	55.38830546	12.08719823
location	Tylstrup	57.20308117	9.9350316
location	Ugerloese	55.59017034	11.64996808
location	Uldum	55.8358153	9.59518771
location	Ulfborg	56.26972137	8.3516813
location	Ullerslev	55.3853962	10.67264449
location	Ulstrup	56.3800683	9.78710533
location	Vadum	57.11542262	9.85636123
location	Vaeggerloese	54.68596286	11.9267188
location	Vaerloese	55.77912974	12.35591788
location	Valby	55.65941452	12.49869399
location	Vallensbaek	55.63922355	12.36481979
location	Vallensbaek Strand	55.61962618	12.3884378
location	Vamdrup	55.41366579	9.34398711
location	Vandel	55.71507833	9.19531768
location	Vanloese	55.6883311	12.48194421
location	Varde	55.65607154	8.52854473
location	Vedbaek	55.84725277	12.54527165
location	Veflinge	55.46255575	10.14425747
location	Vejby	56.0752446	12.14743951
location	Vejen	55.4784284	9.11204215
location	Vejers Strand	55.58604052	8.13459453
location	Vejle	55.68014643	9.48737505
location	Vejle Oest	55.72791464	9.6446567
location	Vejstrup	55.10211807	10.73945681
location	Veksoe Sjaelland	55.75497247	12.23729507
location	Vemb	56.34831698	8.38106883
location	Vemmelev	55.36414208	11.26373834
location	Vesloes	57.03603968	8.99007339
location	Vestbjerg	57.12732919	9.97550463
location	Vesterborg	54.86337913	11.28638368
location	Vester Skerninge	55.06879842	10.44387087
location	Vestervig	56.7980227	8.28096006
location	Viborg	56.41681148	9.36897659
location	Viby J	56.12635244	10.13778473
location	Viby Sjaelland	55.55011926	12.00904287
location	Videbaek	56.08052418	8.66992988
location	Vig	55.84646541	11.56037019
location	Vildbjerg	56.18215286	8.74507312
location	Vils	56.74842812	8.72666914
location	Vinderup	56.46905999	8.81719613
location	Vipperoed	55.66299845	11.74377246
location	Virum	55.78962271	12.46836985
location	Vissenbjerg	55.39228422	10.13229762
location	Viuf	55.58677181	9.49835852
location	Vodskov	57.10195914	10.08812266
location	Vojens	55.2436827	9.31835235
location	Vonge	55.86467774	9.42328648
location	Vorbasse	55.63499139	9.09958348
location	Vordingborg	55.04017051	11.89862831
location	Vraa	57.37190853	9.87742317
division	Syddanmark	55.378456	9.131928
division	Nordjylland	57.047218	9.9201
division	Midtjylland	56.453121	9.40201
division	Sjaelland	55.50375	11.836965
division	Hovedstaden	55.86171	12.313743
country	Denmark	56.2639	9.5018
